<?xml version="1.0" standalone="no" ?>
<orchestra>
    <domain name="pmu_clk" >

        <synchronous>yes</synchronous>
        <multiplePublishAllowed>no</multiplePublishAllowed>
        <states>yes</states>
        <connection type="local"/>

        <!-- PUBLISH: value from the Framework (HYPERSIM) to Client (DLL): inputs of the DLL -->
        <set name ="PUBLISH">
            <item name="Xabc_0">
                <type>double</type>
            </item>
            <item name="Xabc_1">
                <type>double</type>
            </item>
            <item name="Xabc_2">
                <type>double</type>
            </item>
            <item name="Clock">
                <type>double</type>
            </item>
        </set>

        <!-- SUBSCRIBE: value from the Client (DLL) to Framework (HYPERSIM): outputs of the DLL-->
        <set name ="SUBSCRIBE">
            <item name="PhXabc_0">
                <type>double</type>
            </item>
            <item name="PhXabc_1">
                <type>double</type>
            </item>
            <item name="PhXabc_2">
                <type>double</type>
            </item>
            <item name="PhXabc_3">
                <type>double</type>
            </item>
            <item name="PhXabc_4">
                <type>double</type>
            </item>
            <item name="PhXabc_5">
                <type>double</type>
            </item>
            <item name="PhX1_0">
                <type>double</type>
            </item>
            <item name="PhX1_1">
                <type>double</type>
            </item>
            <item name="Freq">
                <type>double</type>
            </item>
            <item name="ROCOF">
                <type>double</type>
            </item>
            <item name="Timestamp">
                <type>double</type>
            </item>
        </set>

    </domain>
</orchestra>
