<?xml version="1.0" encoding="UTF-8" standalone="yes"?>
<comp-xml>
    <compName>blTypeBlocUcm</compName>
    <version>1.0</version>
    <lastTime>0.0</lastTime>
    <id>132</id>
    <key>HyBloc_132</key>
    <category>Power Tools</category>
    <description>PMU clock</description>
    <execTime>1.0E-6</execTime>
    <paramsDef name="ModelName">
        <description>UCM Model Name</description>
        <alias>ModelName</alias>
        <category></category>
        <unit></unit>
        <maxSize>1</maxSize>
        <id>9999</id>
        <type>String</type>
        <lowLimit>0</lowLimit>
        <highLimit>0</highLimit>
        <defaultValue>PMU_clk</defaultValue>
        <properties/>
    </paramsDef>
    <paramsDef name="Description">
        <description>Description</description>
        <alias>Description</alias>
        <category>General</category>
        <unit></unit>
        <maxSize>1</maxSize>
        <id>10002</id>
        <type>String</type>
        <lowLimit>0</lowLimit>
        <highLimit>0</highLimit>
        <defaultValue></defaultValue>
        <properties/>
    </paramsDef>
    <paramsDef name="ModelPath">
        <description>UCM Model Path</description>
        <alias>ModelPath</alias>
        <category></category>
        <unit></unit>
        <maxSize>1</maxSize>
        <id>10000</id>
        <type>String</type>
        <lowLimit>0</lowLimit>
        <highLimit>0</highLimit>
        <defaultValue>C:\Users\MehrdadKazemtabrizi\OneDrive - Opal-RT Technologies\Documents\Projects\2019\PMU Example Model\Delivery\From Mainnas\PMU_clk name\Out_of_Step_Detection_50_hyp\libs\PMU_clk</defaultValue>
        <properties/>
    </paramsDef>
    <paramsDef name="ModelExecTime">
        <description>UCM Model estimated running time</description>
        <alias>ModelExecTime</alias>
        <category></category>
        <unit></unit>
        <maxSize>1</maxSize>
        <id>9998</id>
        <type>Double</type>
        <lowLimit>0</lowLimit>
        <highLimit>0</highLimit>
        <defaultValue>1.0e-6</defaultValue>
        <properties/>
    </paramsDef>
    <paramsDef name="FormPathname">
        <description>UCM Form Path</description>
        <alias>FormPathname</alias>
        <category></category>
        <unit></unit>
        <maxSize>1</maxSize>
        <id>10001</id>
        <type>String</type>
        <lowLimit>0</lowLimit>
        <highLimit>0</highLimit>
        <defaultValue></defaultValue>
        <properties/>
    </paramsDef>
    <paramsDef name="bMclass_param">
        <description>bMclass</description>
        <tooltip>PMU class</tooltip>
        <alias>bMclass_param</alias>
        <category>General</category>
        <unit></unit>
        <maxSize>1</maxSize>
        <id>0</id>
        <type>Double</type>
        <lowLimit>-1e64</lowLimit>
        <highLimit>1e64</highLimit>
        <defaultValue>1.0</defaultValue>
        <properties>
            <entry>
                <key>valueSet</key>
                <value>M[1.0];P[0.0]</value>
            </entry>
        </properties>
    </paramsDef>
    <paramsDef name="clk_choice_param">
        <description>clk_choice</description>
        <tooltip>Choice of clock</tooltip>
        <alias>clk_choice_param</alias>
        <category>General</category>
        <unit></unit>
        <maxSize>1</maxSize>
        <id>0</id>
        <type>Double</type>
        <lowLimit>-1e64</lowLimit>
        <highLimit>1e64</highLimit>
        <defaultValue>1.0</defaultValue>
        <properties>
            <entry>
                <key>valueSet</key>
                <value>Internal Clock[0.0];External Clock[1.0]</value>
            </entry>
        </properties>
    </paramsDef>
    <paramsDef name="mode_param">
        <description>mode</description>
        <tooltip>Output format</tooltip>
        <alias>mode_param</alias>
        <category>General</category>
        <unit></unit>
        <maxSize>1</maxSize>
        <id>0</id>
        <type>Double</type>
        <lowLimit>-1e64</lowLimit>
        <highLimit>1e64</highLimit>
        <defaultValue>1.0</defaultValue>
        <properties>
            <entry>
                <key>valueSet</key>
                <value>Mag-Ang[1.0];Real-Imag[0.0]</value>
            </entry>
        </properties>
    </paramsDef>
    <paramsDef name="rF0_param">
        <description>rF0</description>
        <tooltip>PMU Frequency</tooltip>
        <alias>rF0_param</alias>
        <category>General</category>
        <unit>Hz</unit>
        <maxSize>1</maxSize>
        <id>0</id>
        <type>Double</type>
        <lowLimit>-1e64</lowLimit>
        <highLimit>1e64</highLimit>
        <defaultValue>50.0</defaultValue>
        <properties>
            <entry>
                <key>valueSet</key>
                <value>60[60.0];50[50.0]</value>
            </entry>
        </properties>
    </paramsDef>
    <paramsDef name="z_param">
        <description>z</description>
        <tooltip>Reporting rate</tooltip>
        <alias>z_param</alias>
        <category>General</category>
        <unit>S/c</unit>
        <maxSize>1</maxSize>
        <id>0</id>
        <type>Double</type>
        <lowLimit>-1e64</lowLimit>
        <highLimit>1e64</highLimit>
        <defaultValue>1.0</defaultValue>
        <properties>
            <entry>
                <key>valueSet</key>
                <value>0.5[0.5];1[1.0];2[2.0]</value>
            </entry>
        </properties>
    </paramsDef>
    <signalsDef name="Xabc_0">
        <description> </description>
        <category>User Code Model</category>
        <func>Input</func>
        <type>double</type>
        <xUnit>s</xUnit>
        <yUnit></yUnit>
        <analog>true</analog>
        <properties>
            <entry>
                <key>active</key>
                <value>true</value>
            </entry>
        </properties>
    </signalsDef>
    <signalsDef name="Xabc_1">
        <description> </description>
        <category>User Code Model</category>
        <func>Input</func>
        <type>double</type>
        <xUnit>s</xUnit>
        <yUnit></yUnit>
        <analog>true</analog>
        <properties>
            <entry>
                <key>active</key>
                <value>true</value>
            </entry>
        </properties>
    </signalsDef>
    <signalsDef name="Xabc_2">
        <description> </description>
        <category>User Code Model</category>
        <func>Input</func>
        <type>double</type>
        <xUnit>s</xUnit>
        <yUnit></yUnit>
        <analog>true</analog>
        <properties>
            <entry>
                <key>active</key>
                <value>true</value>
            </entry>
        </properties>
    </signalsDef>
    <signalsDef name="Clock">
        <description> </description>
        <category>User Code Model</category>
        <func>Input</func>
        <type>double</type>
        <xUnit>s</xUnit>
        <yUnit></yUnit>
        <analog>true</analog>
        <properties>
            <entry>
                <key>active</key>
                <value>true</value>
            </entry>
        </properties>
    </signalsDef>
    <signalsDef name="PhXabc_0">
        <description> </description>
        <category>User Code Model</category>
        <func>Output</func>
        <type>double</type>
        <xUnit>s</xUnit>
        <yUnit></yUnit>
        <analog>true</analog>
        <properties>
            <entry>
                <key>active</key>
                <value>true</value>
            </entry>
        </properties>
    </signalsDef>
    <signalsDef name="PhXabc_1">
        <description> </description>
        <category>User Code Model</category>
        <func>Output</func>
        <type>double</type>
        <xUnit>s</xUnit>
        <yUnit></yUnit>
        <analog>true</analog>
        <properties>
            <entry>
                <key>active</key>
                <value>true</value>
            </entry>
        </properties>
    </signalsDef>
    <signalsDef name="PhXabc_2">
        <description> </description>
        <category>User Code Model</category>
        <func>Output</func>
        <type>double</type>
        <xUnit>s</xUnit>
        <yUnit></yUnit>
        <analog>true</analog>
        <properties>
            <entry>
                <key>active</key>
                <value>true</value>
            </entry>
        </properties>
    </signalsDef>
    <signalsDef name="PhXabc_3">
        <description> </description>
        <category>User Code Model</category>
        <func>Output</func>
        <type>double</type>
        <xUnit>s</xUnit>
        <yUnit></yUnit>
        <analog>true</analog>
        <properties>
            <entry>
                <key>active</key>
                <value>true</value>
            </entry>
        </properties>
    </signalsDef>
    <signalsDef name="PhXabc_4">
        <description> </description>
        <category>User Code Model</category>
        <func>Output</func>
        <type>double</type>
        <xUnit>s</xUnit>
        <yUnit></yUnit>
        <analog>true</analog>
        <properties>
            <entry>
                <key>active</key>
                <value>true</value>
            </entry>
        </properties>
    </signalsDef>
    <signalsDef name="PhXabc_5">
        <description> </description>
        <category>User Code Model</category>
        <func>Output</func>
        <type>double</type>
        <xUnit>s</xUnit>
        <yUnit></yUnit>
        <analog>true</analog>
        <properties>
            <entry>
                <key>active</key>
                <value>true</value>
            </entry>
        </properties>
    </signalsDef>
    <signalsDef name="PhX1_0">
        <description> </description>
        <category>User Code Model</category>
        <func>Output</func>
        <type>double</type>
        <xUnit>s</xUnit>
        <yUnit></yUnit>
        <analog>true</analog>
        <properties>
            <entry>
                <key>active</key>
                <value>true</value>
            </entry>
        </properties>
    </signalsDef>
    <signalsDef name="PhX1_1">
        <description> </description>
        <category>User Code Model</category>
        <func>Output</func>
        <type>double</type>
        <xUnit>s</xUnit>
        <yUnit></yUnit>
        <analog>true</analog>
        <properties>
            <entry>
                <key>active</key>
                <value>true</value>
            </entry>
        </properties>
    </signalsDef>
    <signalsDef name="Freq">
        <description> </description>
        <category>User Code Model</category>
        <func>Output</func>
        <type>double</type>
        <xUnit>s</xUnit>
        <yUnit></yUnit>
        <analog>true</analog>
        <properties>
            <entry>
                <key>active</key>
                <value>true</value>
            </entry>
        </properties>
    </signalsDef>
    <signalsDef name="ROCOF">
        <description> </description>
        <category>User Code Model</category>
        <func>Output</func>
        <type>double</type>
        <xUnit>s</xUnit>
        <yUnit></yUnit>
        <analog>true</analog>
        <properties>
            <entry>
                <key>active</key>
                <value>true</value>
            </entry>
        </properties>
    </signalsDef>
    <signalsDef name="Timestamp">
        <description> </description>
        <category>User Code Model</category>
        <func>Output</func>
        <type>double</type>
        <xUnit>s</xUnit>
        <yUnit></yUnit>
        <analog>true</analog>
        <properties>
            <entry>
                <key>active</key>
                <value>true</value>
            </entry>
        </properties>
    </signalsDef>
    <connectorsDef name="Xabc_0" type="Input">
        <properties>
            <entry>
                <key>aliasName</key>
                <value>Xabc_0</value>
            </entry>
            <entry>
                <key>isInteger</key>
                <value>false</value>
            </entry>
            <entry>
                <key>func</key>
                <value>I</value>
            </entry>
            <entry>
                <key>description</key>
                <value> </value>
            </entry>
            <entry>
                <key>rank</key>
                <value>0</value>
            </entry>
            <entry>
                <key>isFloat</key>
                <value>true</value>
            </entry>
            <entry>
                <key>groupname</key>
                <value>Xabc</value>
            </entry>
            <entry>
                <key>direction</key>
                <value>W</value>
            </entry>
        </properties>
    </connectorsDef>
    <connectorsDef name="Xabc_1" type="Input">
        <properties>
            <entry>
                <key>aliasName</key>
                <value>Xabc_1</value>
            </entry>
            <entry>
                <key>isInteger</key>
                <value>false</value>
            </entry>
            <entry>
                <key>func</key>
                <value>I</value>
            </entry>
            <entry>
                <key>description</key>
                <value> </value>
            </entry>
            <entry>
                <key>rank</key>
                <value>1</value>
            </entry>
            <entry>
                <key>isFloat</key>
                <value>true</value>
            </entry>
            <entry>
                <key>groupname</key>
                <value>Xabc</value>
            </entry>
            <entry>
                <key>direction</key>
                <value>W</value>
            </entry>
        </properties>
    </connectorsDef>
    <connectorsDef name="Xabc_2" type="Input">
        <properties>
            <entry>
                <key>aliasName</key>
                <value>Xabc_2</value>
            </entry>
            <entry>
                <key>isInteger</key>
                <value>false</value>
            </entry>
            <entry>
                <key>func</key>
                <value>I</value>
            </entry>
            <entry>
                <key>description</key>
                <value> </value>
            </entry>
            <entry>
                <key>rank</key>
                <value>2</value>
            </entry>
            <entry>
                <key>isFloat</key>
                <value>true</value>
            </entry>
            <entry>
                <key>groupname</key>
                <value>Xabc</value>
            </entry>
            <entry>
                <key>direction</key>
                <value>W</value>
            </entry>
        </properties>
    </connectorsDef>
    <connectorsDef name="Clock" type="Input">
        <properties>
            <entry>
                <key>aliasName</key>
                <value>Clock</value>
            </entry>
            <entry>
                <key>isInteger</key>
                <value>false</value>
            </entry>
            <entry>
                <key>func</key>
                <value>I</value>
            </entry>
            <entry>
                <key>description</key>
                <value> </value>
            </entry>
            <entry>
                <key>rank</key>
                <value>3</value>
            </entry>
            <entry>
                <key>isFloat</key>
                <value>true</value>
            </entry>
            <entry>
                <key>groupname</key>
                <value>-</value>
            </entry>
            <entry>
                <key>direction</key>
                <value>W</value>
            </entry>
        </properties>
    </connectorsDef>
    <connectorsDef name="PhXabc_0" type="Output">
        <properties>
            <entry>
                <key>aliasName</key>
                <value>PhXabc_0</value>
            </entry>
            <entry>
                <key>isInteger</key>
                <value>false</value>
            </entry>
            <entry>
                <key>func</key>
                <value>O</value>
            </entry>
            <entry>
                <key>description</key>
                <value> </value>
            </entry>
            <entry>
                <key>rank</key>
                <value>4</value>
            </entry>
            <entry>
                <key>isFloat</key>
                <value>true</value>
            </entry>
            <entry>
                <key>groupname</key>
                <value>PhXabc</value>
            </entry>
            <entry>
                <key>direction</key>
                <value>E</value>
            </entry>
        </properties>
    </connectorsDef>
    <connectorsDef name="PhXabc_1" type="Output">
        <properties>
            <entry>
                <key>aliasName</key>
                <value>PhXabc_1</value>
            </entry>
            <entry>
                <key>isInteger</key>
                <value>false</value>
            </entry>
            <entry>
                <key>func</key>
                <value>O</value>
            </entry>
            <entry>
                <key>description</key>
                <value> </value>
            </entry>
            <entry>
                <key>rank</key>
                <value>5</value>
            </entry>
            <entry>
                <key>isFloat</key>
                <value>true</value>
            </entry>
            <entry>
                <key>groupname</key>
                <value>PhXabc</value>
            </entry>
            <entry>
                <key>direction</key>
                <value>E</value>
            </entry>
        </properties>
    </connectorsDef>
    <connectorsDef name="PhXabc_2" type="Output">
        <properties>
            <entry>
                <key>aliasName</key>
                <value>PhXabc_2</value>
            </entry>
            <entry>
                <key>isInteger</key>
                <value>false</value>
            </entry>
            <entry>
                <key>func</key>
                <value>O</value>
            </entry>
            <entry>
                <key>description</key>
                <value> </value>
            </entry>
            <entry>
                <key>rank</key>
                <value>6</value>
            </entry>
            <entry>
                <key>isFloat</key>
                <value>true</value>
            </entry>
            <entry>
                <key>groupname</key>
                <value>PhXabc</value>
            </entry>
            <entry>
                <key>direction</key>
                <value>E</value>
            </entry>
        </properties>
    </connectorsDef>
    <connectorsDef name="PhXabc_3" type="Output">
        <properties>
            <entry>
                <key>aliasName</key>
                <value>PhXabc_3</value>
            </entry>
            <entry>
                <key>isInteger</key>
                <value>false</value>
            </entry>
            <entry>
                <key>func</key>
                <value>O</value>
            </entry>
            <entry>
                <key>description</key>
                <value> </value>
            </entry>
            <entry>
                <key>rank</key>
                <value>7</value>
            </entry>
            <entry>
                <key>isFloat</key>
                <value>true</value>
            </entry>
            <entry>
                <key>groupname</key>
                <value>PhXabc</value>
            </entry>
            <entry>
                <key>direction</key>
                <value>E</value>
            </entry>
        </properties>
    </connectorsDef>
    <connectorsDef name="PhXabc_4" type="Output">
        <properties>
            <entry>
                <key>aliasName</key>
                <value>PhXabc_4</value>
            </entry>
            <entry>
                <key>isInteger</key>
                <value>false</value>
            </entry>
            <entry>
                <key>func</key>
                <value>O</value>
            </entry>
            <entry>
                <key>description</key>
                <value> </value>
            </entry>
            <entry>
                <key>rank</key>
                <value>8</value>
            </entry>
            <entry>
                <key>isFloat</key>
                <value>true</value>
            </entry>
            <entry>
                <key>groupname</key>
                <value>PhXabc</value>
            </entry>
            <entry>
                <key>direction</key>
                <value>E</value>
            </entry>
        </properties>
    </connectorsDef>
    <connectorsDef name="PhXabc_5" type="Output">
        <properties>
            <entry>
                <key>aliasName</key>
                <value>PhXabc_5</value>
            </entry>
            <entry>
                <key>isInteger</key>
                <value>false</value>
            </entry>
            <entry>
                <key>func</key>
                <value>O</value>
            </entry>
            <entry>
                <key>description</key>
                <value> </value>
            </entry>
            <entry>
                <key>rank</key>
                <value>9</value>
            </entry>
            <entry>
                <key>isFloat</key>
                <value>true</value>
            </entry>
            <entry>
                <key>groupname</key>
                <value>PhXabc</value>
            </entry>
            <entry>
                <key>direction</key>
                <value>E</value>
            </entry>
        </properties>
    </connectorsDef>
    <connectorsDef name="PhX1_0" type="Output">
        <properties>
            <entry>
                <key>aliasName</key>
                <value>PhX1_0</value>
            </entry>
            <entry>
                <key>isInteger</key>
                <value>false</value>
            </entry>
            <entry>
                <key>func</key>
                <value>O</value>
            </entry>
            <entry>
                <key>description</key>
                <value> </value>
            </entry>
            <entry>
                <key>rank</key>
                <value>10</value>
            </entry>
            <entry>
                <key>isFloat</key>
                <value>true</value>
            </entry>
            <entry>
                <key>groupname</key>
                <value>PhX1</value>
            </entry>
            <entry>
                <key>direction</key>
                <value>E</value>
            </entry>
        </properties>
    </connectorsDef>
    <connectorsDef name="PhX1_1" type="Output">
        <properties>
            <entry>
                <key>aliasName</key>
                <value>PhX1_1</value>
            </entry>
            <entry>
                <key>isInteger</key>
                <value>false</value>
            </entry>
            <entry>
                <key>func</key>
                <value>O</value>
            </entry>
            <entry>
                <key>description</key>
                <value> </value>
            </entry>
            <entry>
                <key>rank</key>
                <value>11</value>
            </entry>
            <entry>
                <key>isFloat</key>
                <value>true</value>
            </entry>
            <entry>
                <key>groupname</key>
                <value>PhX1</value>
            </entry>
            <entry>
                <key>direction</key>
                <value>E</value>
            </entry>
        </properties>
    </connectorsDef>
    <connectorsDef name="Freq" type="Output">
        <properties>
            <entry>
                <key>aliasName</key>
                <value>Freq</value>
            </entry>
            <entry>
                <key>isInteger</key>
                <value>false</value>
            </entry>
            <entry>
                <key>func</key>
                <value>O</value>
            </entry>
            <entry>
                <key>description</key>
                <value> </value>
            </entry>
            <entry>
                <key>rank</key>
                <value>12</value>
            </entry>
            <entry>
                <key>isFloat</key>
                <value>true</value>
            </entry>
            <entry>
                <key>groupname</key>
                <value>-</value>
            </entry>
            <entry>
                <key>direction</key>
                <value>E</value>
            </entry>
        </properties>
    </connectorsDef>
    <connectorsDef name="ROCOF" type="Output">
        <properties>
            <entry>
                <key>aliasName</key>
                <value>ROCOF</value>
            </entry>
            <entry>
                <key>isInteger</key>
                <value>false</value>
            </entry>
            <entry>
                <key>func</key>
                <value>O</value>
            </entry>
            <entry>
                <key>description</key>
                <value> </value>
            </entry>
            <entry>
                <key>rank</key>
                <value>13</value>
            </entry>
            <entry>
                <key>isFloat</key>
                <value>true</value>
            </entry>
            <entry>
                <key>groupname</key>
                <value>-</value>
            </entry>
            <entry>
                <key>direction</key>
                <value>E</value>
            </entry>
        </properties>
    </connectorsDef>
    <connectorsDef name="Timestamp" type="Output">
        <properties>
            <entry>
                <key>aliasName</key>
                <value>Timestamp</value>
            </entry>
            <entry>
                <key>isInteger</key>
                <value>false</value>
            </entry>
            <entry>
                <key>func</key>
                <value>O</value>
            </entry>
            <entry>
                <key>description</key>
                <value> </value>
            </entry>
            <entry>
                <key>rank</key>
                <value>14</value>
            </entry>
            <entry>
                <key>isFloat</key>
                <value>true</value>
            </entry>
            <entry>
                <key>groupname</key>
                <value>-</value>
            </entry>
            <entry>
                <key>direction</key>
                <value>E</value>
            </entry>
        </properties>
    </connectorsDef>
    <properties>
        <entry>
            <key>modelName</key>
            <value>PMU_clk</value>
        </entry>
        <entry>
            <key>subdir</key>
            <value>PMU_clk_ucm_gen</value>
        </entry>
        <entry>
            <key>rootdir</key>
            <value>C:\Users\MehrdadKazemtabrizi\OneDrive - Opal-RT Technologies\Documents\Projects\2019\PMU Example Model\Delivery\From Mainnas\PMU_clk name\Out_of_Step_Detection_50_hyp\libs\PMU_clk</value>
        </entry>
        <entry>
            <key>dependentFiles</key>
            <value>ucm_PMU_clk.def:PMU_clk.c:PMU_clk.h:PMU_clk_data.c:PMU_clk_private.h:PMU_clk_types.h</value>
        </entry>
    </properties>
</comp-xml>
